Structure,Total volume (cc),Mean dose (GY),Min dose (GY),Max dose (GY),V5 (cc),V20 (cc),V5 (%),V20 (%),D2cc (Gy),D5cc (Gy),D5% (Gy),D10% (Gy),
Bladder,117.43,45.8891,30.9725,46.9964,117.430000,117.430000,100.000000,100.000000,46.846059,46.751478,46.724002,46.652862,
BODY,10642.9,15.5149,0.296555,47.0756,6316.197527,4275.634191,59.346583,40.173582,47.042391,46.955977,45.651491,43.462072,
FemoralHeadLt,49.4531,25.0664,14.723,35.659,49.453100,49.052710,100.000000,99.190363,27.646665,26.064434,27.201987,26.077367,
FemoralHeadRT,50.3672,25.8643,24.4012,39.8761,50.367200,50.367200,100.000000,100.000000,28.472550,26.767764,28.012113,26.755395,
PTV,49.1719,45.8836,44.5789,46.2966,49.171900,49.171900,100.000000,100.000000,46.261812,46.204531,46.253056,46.206112,
Rectum,30.5898,39.2852,12.3658,45.831,30.589800,30.111285,100.000000,98.435704,45.491722,45.045713,45.554519,45.346943,
